,,"SMT.GULABBEN RASIKLAL DOSHI AND SMT. KAMLABEN MAFATLAL MEHTA INSTITUTE OF KIDNEY DISEASES AND RESEARCH CENTRE,DR. H. L. TRIVEDI INSTITUTE OF TRANSPLANTATION SCIENCES",,,,,,,,,,,,,,,,,,,,,Phone:,,,07922687500,,,,,,,,,,,,,,,,,,,,,,,,,
,,,,,,,,,,,,,,,,,,,,,,,,,,,,,,,,,,,,,,,,,,,,,,,,,,,
,,,,,,,,,,,,,,,,,,,,,,,,,,,,,,,,,,,,,,,,,,,,,,,,,,,
,,",   ",,,,,,,,,,,,,,,,,,,,,,,,,,,,,,,,,,,,,,,,,,,,,,,,,
,,,,,,,,,,,,,,,,,,,,,,Class I Single Antigen Results,,,,,,,,,,,,,,,,,,,,,,,,,,,,,
,,,,,,,,,,,,,,,,,,,,,,Batch ID: 07012025 LSA I.,,,,,,,,,,,,,,,,,,,,,,,,,,,,,
,Patient Name:,,,,,,,,2	NOTAVOTE	444444,,,,,,,Patient DOB:,,,,,,,,Draw Date:,,,,,,,,,,,Donor Number:,,,,,,,,,,,,,Expiration Date:,,08.22.25,
,,,,,,,,,,,,,,,,,,,,,,,,,,,,,,,,,,,,,,,,,,,,,,,,,,,
,Sample ID:,,,,,,,,2	NOTAVOTE	444444,,,,,,,Lot ID:,,,3015151 3015021-SA1,,,,,,,,,,,,,,,,Donor Center #:,,,,,,,,,,,,,Accession #:,,,
,,,,,,,,,,,,,,,,,,,,,,,,,,,,,,,,,,,Report By:,,,,,Lab Supervisor,,,,,,,,,,,
,Patient HLA Type:,,,,,,,,,,,,,,,,,,,,,,,,,,,,,,,,,,,,,,,,,,,,,,,,,,
Method Type:,,,,,,,,Standard Calculation,,,,,,,,,,,,,,,,,,,,,,,,,,,,,,,,,,,,,,,,,,,
,,,,,,,,,,,,,,,,,,,,,,,,,,,,,,,,,,,,,,,,,,,,,,,,,,,
,,Positive CON MFI:,,,,,,,,,Negative CON MFI:,,,,,,,,,,,,,,,,,Analysis Mode:,,,,,,,,,,,,,,,,,% PRA:,,,,,,
,,,,,,,,,,,,,,,,,,,,,,,,,,,,,,,,,,,,,,,,,,,,,35,,,,,,
,,20941,,,,,,,,,266,,,,,,,,,,,,,,,,,Manual,,,,,,,,,,,,,,,,,,,,,,,
,,,,,Antigen ID,,,,,Cut-off,,,,Raw Value,MFI/LRA,,,BG Adjusted,AD-MFI,,AD-BG Adjusted,,,,,,A,,,,,B,C,,,,Bw,,A Serology,,,,,B Serology,,,C Serology,,RAD,,Epitopes
,,,,, 190,,,,,3.62,,,, 13522, 57.54,,, 13330, 17009,, 16767,,,,,, ,,,,, , C*07:01,,,, ,,,,,,,,,,Cw7,, 0.7950,,
,,,,, 191,,,,,3.55,,,, 13476, 57.34,,, 13280, 16637,, 16394,,,,,, ,,,,, , C*07:02,,,, ,,,,,,,,,,Cw7,, 0.8100,,
,,,,, 178,,,,,4.28,,,, 12022, 75.61,,, 11844, 8643,, 8515,,,,,, ,,,,, B*73:01, ,,,, ,,,,,,,B73,,,,, 1.3910,,
,,,,, 192,,,,,3.24,,,, 8820, 37.53,,, 8666, 7393,, 7264,,,,,, ,,,,, , C*08:01,,,, ,,,,,,,,,,Cw8,, 1.1930,,
,,,,, 193,,,,,3.59,,,, 6003, 25.54,,, 5816, 5610,, 5435,,,,,, ,,,,, , C*08:02,,,, ,,,,,,,,,,Cw8,, 1.0700,,
,,,,, 194,,,,,3.93,,,, 5884, 25.04,,, 5720, 4752,, 4620,,,,,, ,,,,, , C*12:02,,,, ,,,,,,,,,,,, 1.2380,,
,,,,, 107,,,,,4.19,,,, 5174, 30.62,,, 4959, 3454,, 3310,,,,,, A*02:03,,,,, , ,,,, ,,A203,,,,,,,,,, 1.4980,,
,,,,, 104,,,,,3.87,,,, 5013, 29.66,,, 4881, 3998,, 3892,,,,,, A*02:01,,,,, , ,,,, ,,A2,,,,,,,,,, 1.2540,,
,,,,, 106,,,,,4.01,,,, 4932, 29.18,,, 4788, 3546,, 3442,,,,,, A*02:02,,,,, , ,,,, ,,A2,,,,,,,,,, 1.3910,,
,,,,, 116,,,,,3.66,,,, 4845, 28.67,,, 4698, 3200,, 3103,,,,,, A*26:01,,,,, , ,,,, ,,A26(10),,,,,,,,,, 1.5140,,
,,,,, 121,,,,,3.74,,,, 4811, 28.47,,, 4668, 3459,, 3356,,,,,, A*32:01,,,,, , ,,,, Bw4,,A32(19),,,,,,,,,, 1.3910,,
,,,,, 198,,,,,3.91,,,, 4760, 20.26,,, 4530, 7592,, 7225,,,,,, ,,,,, , C*17:01,,,, ,,,,,,,,,,,, 0.6270,,
,,,,, 127,,,,,3.59,,,, 4676, 27.67,,, 4592, 2805,, 2755,,,,,, A*66:01,,,,, , ,,,, ,,A66(10),,,,,,,,,, 1.6670,,
,,,,, 128,,,,,3.64,,,, 4659, 27.57,,, 4563, 2795,, 2737,,,,,, A*66:02,,,,, , ,,,, ,,A66(10),,,,,,,,,, 1.6670,,
,,,,, 108,,,,,4.27,,,, 4655, 27.54,,, 4512, 3458,, 3352,,,,,, A*02:05,,,,, , ,,,, ,,A2,,,,,,,,,, 1.3460,,
,,,,, 118,,,,,3.76,,,, 4618, 27.32,,, 4429, 3020,, 2896,,,,,, A*29:02,,,,, , ,,,, ,,A29(19),,,,,,,,,, 1.5290,,
,,,,, 132,,,,,3.79,,,, 4609, 27.27,,, 4424, 3275,, 3144,,,,,, A*74:01,,,,, , ,,,, ,,A74(19),,,,,,,,,, 1.4070,,
,,,,, 163,,,,,5.12,,,, 4606, 28.97,,, 4373, 4429,, 4205,,,,,, ,,,,, B*46:01, ,,,, ,,,,,,,B46,,,,, 1.0400,,
,,,,, 115,,,,,3.75,,,, 4564, 27.01,,, 4461, 2985,, 2917,,,,,, A*25:01,,,,, , ,,,, Bw4,,A25(10),,,,,,,,,, 1.5290,,
,,,,, 131,,,,,4.47,,,, 4552, 26.93,,, 4359, 4025,, 3854,,,,,, A*69:01,,,,, , ,,,, ,,A69(28),,,,,,,,,, 1.1310,,
,,,,, 124,,,,,3.67,,,, 4516, 26.72,,, 4402, 3045,, 2968,,,,,, A*34:02,,,,, , ,,,, ,,A34(10),,,,,,,,,, 1.4830,,
,,,,, 123,,,,,4.06,,,, 4515, 26.72,,, 4331, 3281,, 3147,,,,,, A*33:03,,,,, , ,,,, ,,A33(19),,,,,,,,,, 1.3760,,
,,,,, 129,,,,,3.45,,,, 4346, 25.72,,, 4259, 2960,, 2901,,,,,, A*68:01,,,,, , ,,,, ,,A68(28),,,,,,,,,, 1.4680,,
,,,,, 126,,,,,4.07,,,, 4304, 25.47,,, 4123, 3162,, 3029,,,,,, A*43:01,,,,, , ,,,, ,,A43,,,,,,,,,, 1.3610,,
,,,,, 185,,,,,3.73,,,, 4224, 17.97,,, 3985, 3454,, 3258,,,,,, ,,,,, , C*03:04,,,, ,,,,,,,,,,Cw10(w3),, 1.2230,,
,,,,, 130,,,,,3.58,,,, 4208, 24.90,,, 4080, 2837,, 2751,,,,,, A*68:02,,,,, , ,,,, ,,A68(28),,,,,,,,,, 1.4830,,
,,,,, 117,,,,,4.28,,,, 4038, 23.89,,, 3861, 3385,, 3236,,,,,, A*29:01,,,,, , ,,,, ,,A29(19),,,,,,,,,, 1.1930,,
,,,,, 120,,,,,4.15,,,, 4013, 23.74,,, 3846, 3087,, 2958,,,,,, A*31:01,,,,, , ,,,, ,,A31(19),,,,,,,,,, 1.3000,,
,,,,, 184,,,,,3.52,,,, 3974, 16.91,,, 3844, 3376,, 3266,,,,,, ,,,,, , C*03:03,,,, ,,,,,,,,,,Cw9(w3),, 1.1770,,
,,,,, 182,,,,,3.42,,,, 3703, 15.76,,, 3490, 3146,, 2965,,,,,, ,,,,, , C*01:02,,,, ,,,,,,,,,,Cw1,, 1.1770,,
,,,,, 122,,,,,4.01,,,, 3613, 21.38,,, 3454, 2717,, 2597,,,,,, A*33:01,,,,, , ,,,, ,,A33(19),,,,,,,,,, 1.3300,,
,,,,, 195,,,,,3.46,,,, 3601, 15.32,,, 3353, 2981,, 2776,,,,,, ,,,,, , C*14:02,,,, ,,,,,,,,,,,, 1.2080,,
,,,,, 197,,,,,3.32,,,, 2120, 9.02,,, 1970, 1926,, 1789,,,,,, ,,,,, , C*16:01,,,, ,,,,,,,,,,,, 1.1010,,
,,,,, 188,,,,,3.66,,,, 2037, 8.67,,, 1784, 2380,, 2084,,,,,, ,,,,, , C*05:01,,,, ,,,,,,,,,,Cw5,, 0.8560,,
,,,,, 167,,,,,3.83,,,, 603, 3.79,,, 458, 372,, 282,,,,,, ,,,,, B*50:01, ,,,, Bw6,,,,,,,B50(21),,,,, 1.6210,,
,,,,, 181,,,,,3.98,,,, 398, 2.50,,, 263, 271,, 179,,,,,, ,,,,, B*82:02, ,,,, Bw6,,,,,,,,,,,, 1.4680,,
,,,,, 114,,,,,4.22,,,, 393, 2.32,,, 131, 242,, 81,,,,,, A*24:03,,,,, , ,,,, Bw4,,A2403,,,,,,,,,, 1.6210,,
,,,,, 166,,,,,3.58,,,, 381, 2.40,,, 218, 220,, 126,,,,,, ,,,,, B*49:01, ,,,, Bw4,,,,,,,B49(21),,,,, 1.7280,,
,,,,, 186,,,,,4.02,,,, 371, 1.58,,, 95, 693,, 178,,,,,, ,,,,, , C*04:01,,,, ,,,,,,,,,,Cw4,, 0.5350,,
,,,,, 161,,,,,5.10,,,, 328, 2.06,,, 65, 200,, 39,,,,,, ,,,,, B*44:03, ,,,, Bw4,,,,,,,B44(12),,,,, 1.6360,,
,,,,, 139,,,,,5.01,,,, 324, 2.04,,, 16, 223,, 11,,,,,, ,,,,, B*14:02, ,,,, Bw6,,,,,,,B65(14),,,,, 1.4530,,
,,,,, 159,,,,,4.47,,,, 319, 2.00,,, 84, 222,, 58,,,,,, ,,,,, B*42:01, ,,,, Bw6,,,,,,,B42,,,,, 1.4370,,
,,,,, 134,,,,,4.73,,,, 311, 1.96,,, 80, 192,, 49,,,,,, ,,,,, B*07:02, ,,,, Bw6,,,,,,,B7,,,,, 1.6210,,
,,,,, 183,,,,,3.51,,,, 303, 1.29,,, 91, 366,, 110,,,,,, ,,,,, , C*02:02,,,, ,,,,,,,,,,Cw2,, 0.8260,,
,,,,, 199,,,,,3.46,,,, 298, 1.27,,, 151, 286,, 145,,,,,, ,,,,, , C*18:01,,,, ,,,,,,,,,,,, 1.0400,,
,,,,, 165,,,,,4.72,,,, 288, 1.81,,, 78, 410,, 111,,,,,, ,,,,, B*48:01, ,,,, Bw6,,,,,,,B48,,,,, 0.7030,,
,,,,, 137,,,,,4.02,,,, 286, 1.80,,, 112, 201,, 79,,,,,, ,,,,, B*13:02, ,,,, Bw4,,,,,,,B13,,,,, 1.4220,,
,,,,, 196,,,,,3.39,,,, 284, 1.21,,, 123, 254,, 110,,,,,, ,,,,, , C*15:02,,,, ,,,,,,,,,,,, 1.1160,,
,,,,, 147,,,,,3.80,,,, 282, 1.77,,, 128, 174,, 79,,,,,, ,,,,, B*18:01, ,,,, Bw6,,,,,,,B18,,,,, 1.6210,,
,,,,, 162,,,,,4.53,,,, 277, 1.74,,, 105, 206,, 78,,,,,, ,,,,, B*45:01, ,,,, Bw6,,,,,,,B45(12),,,,, 1.3460,,
,,,,, 189,,,,,3.47,,,, 275, 1.17,,, 64, 222,, 51,,,,,, ,,,,, , C*06:02,,,, ,,,,,,,,,,Cw6,, 1.2380,,
,,,,, 180,,,,,3.85,,,, 273, 1.72,,, 124, 194,, 88,,,,,, ,,,,, B*81:01, ,,,, Bw6,,,,,,,B81,,,,, 1.4070,,
,,,,, 141,,,,,4.13,,,, 271, 1.70,,, 129, 186,, 88,,,,,, ,,,,, B*15:02, ,,,, Bw6,,,,,,,B75(15),,,,, 1.4530,,
,,,,, 151,,,,,4.15,,,, 270, 1.70,,, 59, 192,, 42,,,,,, ,,,,, B*35:01, ,,,, Bw6,,,,,,,B35,,,,, 1.4070,,
,,,,, 171,,,,,3.97,,,, 267, 1.68,,, 118, 173,, 76,,,,,, ,,,,, B*54:01, ,,,, Bw6,,,,,,,B54(22),,,,, 1.5440,,
,,,,, 158,,,,,3.99,,,, 266, 1.67,,, 108, 174,, 70,,,,,, ,,,,, B*41:01, ,,,, Bw6,,,,,,,B41,,,,, 1.5290,,
,,,,, 145,,,,,4.19,,,, 261, 1.64,,, 70, 158,, 42,,,,,, ,,,,, B*15:16, ,,,, Bw4,,,,,,,B63(15),,,,, 1.6510,,
,,,,, 140,,,,,3.74,,,, 258, 1.62,,, 110, 161,, 69,,,,,, ,,,,, B*15:01, ,,,, Bw6,,,,,,,B62(15),,,,, 1.6050,,
,,,,, 143,,,,,4.08,,,, 257, 1.61,,, 126, 146,, 71,,,,,, ,,,,, B*15:12, ,,,, Bw6,,,,,,,B76(15),,,,, 1.7580,,
,,,,, 152,,,,,4.26,,,, 257, 1.61,,, 82, 195,, 62,,,,,, ,,,,, B*35:08, ,,,, Bw6,,,,,,,B35,,,,, 1.3150,,
,,,,, 179,,,,,4.12,,,, 256, 1.61,,, 51, 174,, 35,,,,,, ,,,,, B*78:01, ,,,, Bw6,,,,,,,B78,,,,, 1.4680,,
,,,,, 157,,,,,3.78,,,, 253, 1.59,,, 107, 161,, 68,,,,,, ,,,,, B*40:02, ,,,, Bw6,,,,,,,B61(40),,,,, 1.5750,,
,,,,, 133,,,,,3.82,,,, 252, 1.49,,, 175, 166,, 116,,,,,, A*80:01,,,,, , ,,,, ,,A80,,,,,,,,,, 1.5140,,
,,,,, 135,,,,,3.98,,,, 245, 1.54,,, 96, 162,, 63,,,,,, ,,,,, B*07:03, ,,,, Bw6,,,,,,,B703,,,,, 1.5140,,
,,,,, 138,,,,,3.90,,,, 242, 1.52,,, 85, 155,, 54,,,,,, ,,,,, B*14:01, ,,,, Bw6,,,,,,,B64(14),,,,, 1.5600,,
,,,,, 175,,,,,4.17,,,, 241, 1.52,,, 34, 190,, 27,,,,,, ,,,,, B*58:01, ,,,, Bw4,,,,,,,B58(17),,,,, 1.2690,,
,,,,, 125,,,,,4.03,,,, 240, 1.42,,, 66, 152,, 42,,,,,, A*36:01,,,,, , ,,,, ,,A36,,,,,,,,,, 1.5750,,
,,,,, 187,,,,,3.47,,,, 235, 1.00,,, 103, 229,, 101,,,,,, ,,,,, , C*04:03,,,, ,,,,,,,,,,,, 1.0240,,
,,,,, 169,,,,,3.99,,,, 234, 1.47,,, 46, 182,, 36,,,,,, ,,,,, B*52:01, ,,,, Bw4,,,,,,,B52(5),,,,, 1.2840,,
,,,,, 168,,,,,4.18,,,, 232, 1.46,,, 49, 167,, 35,,,,,, ,,,,, B*51:01, ,,,, Bw4,,,,,,,B51(5),,,,, 1.3910,,
,,,,, 113,,,,,4.03,,,, 230, 1.36,,, 111, 152,, 73,,,,,, A*24:02,,,,, , ,,,, Bw4,,A24(9),,,,,,,,,, 1.5140,,
,,,,, 144,,,,,3.93,,,, 228, 1.43,,, 91, 143,, 57,,,,,, ,,,,, B*15:13, ,,,, Bw4,,,,,,,B77(15),,,,, 1.5900,,
,,,,, 172,,,,,4.35,,,, 228, 1.43,,, 68, 166,, 49,,,,,, ,,,,, B*55:01, ,,,, Bw6,,,,,,,B55(22),,,,, 1.3760,,
,,,,, 176,,,,,4.25,,,, 227, 1.43,,, 76, 143,, 48,,,,,, ,,,,, B*59:01, ,,,, Bw4,,,,,,,B59,,,,, 1.5900,,
,,,,, 148,,,,,3.63,,,, 226, 1.42,,, 47, 127,, 26,,,,,, ,,,,, B*27:03, ,,,, Bw4,,,,,,,B27,,,,, 1.7740,,
,,,,, 154,,,,,3.78,,,, 224, 1.41,,, 127, 134,, 76,,,,,, ,,,,, B*38:01, ,,,, Bw4,,,,,,,B38(16),,,,, 1.6670,,
,,,,, 146,,,,,3.65,,,, 224, 1.41,,, 56, 131,, 32,,,,,, ,,,,, B*15:18, ,,,, Bw6,,,,,,,B71(70),,,,, 1.7120,,
,,,,, 164,,,,,4.06,,,, 223, 1.40,,, 28, 152,, 19,,,,,, ,,,,, B*47:01, ,,,, Bw4,,,,,,,B47,,,,, 1.4680,,
,,,,, 155,,,,,3.57,,,, 223, 1.40,,, 24, 135,, 14,,,,,, ,,,,, B*39:01, ,,,, Bw6,,,,,,,B3901,,,,, 1.6510,,
,,,,, 111,,,,,4.03,,,, 221, 1.30,,, 63, 129,, 37,,,,,, A*11:02,,,,, , ,,,, ,,A11,,,,,,,,,, 1.7120,,
,,,,, 112,,,,,3.71,,,, 219, 1.29,,, 84, 143,, 55,,,,,, A*23:01,,,,, , ,,,, Bw4,,A23(9),,,,,,,,,, 1.5290,,
,,,,, 160,,,,,3.86,,,, 211, 1.33,,, 77, 141,, 51,,,,,, ,,,,, B*44:02, ,,,, Bw4,,,,,,,B44(12),,,,, 1.4980,,
,,,,, 142,,,,,3.74,,,, 207, 1.30,,, 67, 131,, 43,,,,,, ,,,,, B*15:03, ,,,, Bw6,,,,,,,B72(70),,,,, 1.5750,,
,,,,, 170,,,,,3.80,,,, 207, 1.30,,, 104, 149,, 75,,,,,, ,,,,, B*53:01, ,,,, Bw4,,,,,,,B53,,,,, 1.3910,,
,,,,, 153,,,,,3.80,,,, 196, 1.23,,, 47, 124,, 30,,,,,, ,,,,, B*37:01, ,,,, Bw4,,,,,,,B37,,,,, 1.5750,,
,,,,, 173,,,,,3.88,,,, 194, 1.22,,, 52, 131,, 35,,,,,, ,,,,, B*56:01, ,,,, Bw6,,,,,,,B56(22),,,,, 1.4830,,
,,,,, 174,,,,,3.87,,,, 194, 1.22,,, 53, 121,, 33,,,,,, ,,,,, B*57:01, ,,,, Bw4,,,,,,,B57(17),,,,, 1.6050,,
,,,,, 119,,,,,4.00,,,, 189, 1.12,,, 15, 134,, 10,,,,,, A*30:01,,,,, , ,,,, ,,A30(19),,,,,,,,,, 1.4070,,
,,,,, 149,,,,,3.69,,,, 183, 1.15,,, 45, 113,, 28,,,,,, ,,,,, B*27:05, ,,,, Bw4,,,,,,,B27,,,,, 1.6210,,
,,,,, 156,,,,,3.77,,,, 179, 1.13,,, 65, 119,, 43,,,,,, ,,,,, B*40:01, ,,,, Bw6,,,,,,,B60(40),,,,, 1.4980,,
,,,,, 109,,,,,3.58,,,, 178, 1.05,,, 48, 112,, 30,,,,,, A*03:01,,,,, , ,,,, ,,A3,,,,,,,,,, 1.5900,,
,,,,, 110,,,,,3.36,,,, 175, 1.04,,, 56, 107,, 34,,,,,, A*11:01,,,,, , ,,,, ,,A11,,,,,,,,,, 1.6360,,
,,,,, 103,,,,,3.73,,,, 169, 1.00,,, 5, 123,, 4,,,,,, A*01:01,,,,, , ,,,, ,,A1,,,,,,,,,, 1.3760,,
,,,,, 177,,,,,3.42,,,, 166, 1.04,,, 13, 90,, 7,,,,,, ,,,,, B*67:01, ,,,, Bw6,,,,,,,B67,,,,, 1.8500,,
,,,,, 136,,,,,3.86,,,, 162, 1.02,,, -32, 91,, -18.04,,,,,, ,,,,, B*08:01, ,,,, Bw6,,,,,,,B8,,,,, 1.7740,,
,,,,, 150,,,,,3.40,,,, 159, 1.00,,, 24, 85,, 13,,,,,, ,,,,, B*27:08, ,,,, Bw6,,,,,,,B2708,,,,, 1.8650,,
,,,,Reviewer Comment: ,,,,,,,,,,,,,,,,,,,,,,,,,,,,,,,,,,,,,,,,,,,,,,,
,,,,,,,,,,,,,,,,,,,,,,,,,,,,,,,,,,,,,,,,,,,,,,,,,,,
,,,,,,,,,,,,,,,,,,,,,,,,,Date:,,,,,,,,Completed By: ,,,,,,,,,,,,,,,,,,
,,,,,,,,,,,,,,,,,,,,,,,,,Date:,,,,,,,,Approved By: ,,,,,,,,,,,,,,,,,,
,,,,,,,,,,,,,,,,,,,,,,,,,Date:,,,,,,,,Reviewed By: ,,,,,,,,,,,,,,,,,,
,,,"  Immucor, Inc.",,,,,,,,,,,,,,,,,,,,,,,,,,,,,,,,,,,,,,,,,,,,,,,,
,,,,,,,,,,,,,,,,,,,,,,,,,,,,,,,,,,,,,,,,,,,MATCH IT! Antibody v1.5.1,,,,,,,,
,,,,,,,,,,,,,,,,,,,,,,,,,,,,,,,,,,,,,,,,,,,Page 1 of 1,,,,,,,,
,Sample ID:,,,,,,2	NOTAVOTE	444444,,,,,,,,,,Patient Name:,,,2	NOTAVOTE	444444,,,,,,,,,,,Draw Date:,,,,,,,,,,,Report Date:,,,,01.09.25,,,,,
