,,"SMT.GULABBEN RASIKLAL DOSHI AND SMT. KAMLABEN MAFATLAL MEHTA INSTITUTE OF KIDNEY DISEASES AND RESEARCH CENTRE,DR. H. L. TRIVEDI INSTITUTE OF TRANSPLANTATION SCIENCES",,,,,,,,,,,,,,,,,,,,,,Phone:,,,07922687500,,,,,,,,,,,,,,,,,,,,,,,,,,
,,,,,,,,,,,,,,,,,,,,,,,,,,,,,,,,,,,,,,,,,,,,,,,,,,,,,
,,,,,,,,,,,,,,,,,,,,,,,,,,,,,,,,,,,,,,,,,,,,,,,,,,,,,
,,",   ",,,,,,,,,,,,,,,,,,,,,,,,,,,,,,,,,,,,,,,,,,,,,,,,,,,
,,,,,,,,,,,,,,,,,,,,,,,Class II Single Antigen Results,,,,,,,,,,,,,,,,,,,,,,,,,,,,,,
,,,,,,,,,,,,,,,,,,,,,,,Batch ID: 07012025 LSA II.,,,,,,,,,,,,,,,,,,,,,,,,,,,,,,
,Patient Name:,,,,,,,,,2	NOTAVOTE	444444,,,,,,Patient DOB:,,,,,,,,,Draw Date:,,,,,,,,,,,,Donor Number:,,,,,,,,,,,,Expiration Date:,,10.10.25,,
,,,,,,,,,,,,,,,,,,,,,,,,,,,,,,,,,,,,,,,,,,,,,,,,,,,,,
,Sample ID:,,,,,,,,,2	NOTAVOTE	444444,,,,,,Lot ID:,,,3015325 3015313-SA2,,,,,,,,,,,,,,,,,,Donor Center #:,,,,,,,,,,,,Accession #:,,,,
,,,,,,,,,,,,,,,,,,,,,,,,,,,,,,,,,,,,,Report By:,,,,Lab Supervisor,,,,,,,,,,,,
,Patient HLA Type:,,,,,,,,,,,,,,,,,,,,,,,,,,,,,,,,,,,,,,,,,,,,,,,,,,,,
Method Type:,,,,,,,,,Standard Calculation,,,,,,,,,,,,,,,,,,,,,,,,,,,,,,,,,,,,,,,,,,,,
,,,,,,,,,,,,,,,,,,,,,,,,,,,,,,,,,,,,,,,,,,,,,,,,,,,,,
,,Positive CON MFI:,,,,,,,,,Negative CON MFI:,,,,,,,,,,,,,,,,,,Analysis Mode:,,,,,,,,,,,,,,,,,% PRA:,,,,,,,
,,,,,,,,,,,,,,,,,,,,,,,,,,,,,,,,,,,,,,,,,,,,,,0,,,,,,,
,,20004,,,,,,,,,236,,,,,,,,,,,,,,,,,,Manual,,,,,,,,,,,,,,,,,,,,,,,,
,,,,,Antigen ID,,,Raw Value,,,,BG Adjusted,,MFI/LRA,AD-MFI,,,AD-BG Adjusted,,,Cut-off,DR/DR5x,,,,,,DQA,,,,,DQB,,,DPA,,,DPB,,,,,,DR Serology,,,DP Serology,,DQ Serology,,Epitopes,RAD
,,,,, 234,,, 365,,,, 199,, 3.69, 408,,, 223,,,3.72, DRB1*16:01,,,,,, ,,,,, ,,, ,,, ,,,,,,DR16(2),,,,,,,, 0.8940
,,,,, 231,,, 361,,,, 235,, 3.65, 356,,, 232,,,4.08, DRB1*15:01,,,,,, ,,,,, ,,, ,,, ,,,,,,DR15(2),,,,,,,, 1.0130
,,,,, 272,,, 358,,,, 39,, 2.73, 367,,, 40,,,5.68, ,,,,,, DQA1*01:02,,,,, DQB1*06:04,,, ,,, ,,,,,,,,,,,DQ6(1),,, 0.9730
,,,,, 232,,, 347,,,, 251,, 3.50, 345,,, 250,,,4.06, DRB1*15:02,,,,,, ,,,,, ,,, ,,, ,,,,,,DR15(2),,,,,,,, 1.0030
,,,,, 233,,, 342,,,, 199,, 3.45, 351,,, 205,,,4.15, DRB1*15:03,,,,,, ,,,,, ,,, ,,, ,,,,,,DR15(2),,,,,,,, 0.9730
,,,,, 254,,, 334,,,, 157,, 2.55, 350,,, 165,,,4.29, ,,,,,, DQA1*03:02,,,,, DQB1*03:03,,, ,,, ,,,,,,,,,,,DQ9(3),,, 0.9530
,,,,, 251,,, 309,,,, 171,, 2.36, 335,,, 185,,,4.10, ,,,,,, DQA1*02:01,,,,, DQB1*03:02,,, ,,, ,,,,,,,,,,,DQ8(3),,, 0.9230
,,,,, 263,,, 303,,,, -12,, 2.31, 381,,, -14.48,,,5.58, ,,,,,, DQA1*01:01,,,,, DQB1*05:01,,, ,,, ,,,,,,,,,,,DQ5(1),,, 0.7940
,,,,, 252,,, 272,,,, 95,, 2.07, 279,,, 97,,,3.91, ,,,,,, DQA1*03:01,,,,, DQB1*03:02,,, ,,, ,,,,,,,,,,,DQ8(3),,, 0.9730
,,,,, 212,,, 260,,,, 75,, 2.63, 245,,, 71,,,4.37, DRB1*04:03,,,,,, ,,,,, ,,, ,,, ,,,,,,DR4,,,,,,,, 1.0630
,,,,, 255,,, 258,,,, 17,, 1.97, 317,,, 21,,,4.20, ,,,,,, DQA1*04:01,,,,, DQB1*03:03,,, ,,, ,,,,,,,,,,,DQ9(3),,, 0.8140
,,,,, 265,,, 258,,,, 60,, 1.97, 342,,, 79,,,4.44, ,,,,,, DQA1*01:02,,,,, DQB1*05:02,,, ,,, ,,,,,,,,,,,DQ5(1),,, 0.7550
,,,,, 297,,, 246,,,, 80,, 1.88, 243,,, 79,,,4.39, ,,,,,, ,,,,, ,,, DPA1*01:03,,, DPB1*18:01,,,,,,,,,,,,,, 1.0130
,,,,, 299,,, 244,,,, 83,, 1.86, 262,,, 89,,,4.05, ,,,,,, ,,,,, ,,, DPA1*02:02,,, DPB1*28:01,,,,,,,,,,,,,, 0.9330
,,,,, 278,,, 241,,,, 99,, 1.84, 261,,, 107,,,4.02, ,,,,,, ,,,,, ,,, DPA1*01:03,,, DPB1*03:01,,,,,,,,,DPw3,,,,, 0.9230
,,,,, 235,,, 238,,,, 113,, 2.40, 245,,, 116,,,3.94, DRB1*16:02,,,,,, ,,,,, ,,, ,,, ,,,,,,DR16(2),,,,,,,, 0.9730
,,,,, 259,,, 235,,,, 21,, 1.79, 300,,, 27,,,4.36, ,,,,,, DQA1*05:01,,,,, DQB1*04:01,,, ,,, ,,,,,,,,,,,DQ4,,, 0.7840
,,,,, 209,,, 234,,,, 94,, 2.36, 248,,, 99,,,4.23, DRB1*03:03,,,,,, ,,,,, ,,, ,,, ,,,,,,DR18(3),,,,,,,, 0.9430
,,,,, 241,,, 233,,,, 59,, 2.35, 235,,, 59,,,4.06, DRB5*02:02,,,,,, ,,,,, ,,, ,,, ,,,,,,DR51,,,,,,,, 0.9930
,,,,, 227,,, 232,,,, 61,, 2.34, 320,,, 84,,,5.08, DRB1*13:05,,,,,, ,,,,, ,,, ,,, ,,,,,,DR13(6),,,,,,,, 0.7250
,,,,, 253,,, 231,,,, 49,, 1.76, 261,,, 55,,,4.37, ,,,,,, DQA1*03:02,,,,, DQB1*03:02,,, ,,, ,,,,,,,,,,,DQ8(3),,, 0.8840
,,,,, 220,,, 230,,,, 97,, 2.32, 386,,, 163,,,4.21, DRB1*11:01,,,,,, ,,,,, ,,, ,,, ,,,,,,DR11(5),,,,,,,, 0.5960
,,,,, 250,,, 230,,,, 15,, 1.75, 317,,, 20,,,4.43, ,,,,,, DQA1*06:01,,,,, DQB1*03:01,,, ,,, ,,,,,,,,,,,DQ7(3),,, 0.7250
,,,,, 243,,, 228,,,, 86,, 1.74, 270,,, 101,,,4.30, ,,,,,, DQA1*05:01,,,,, DQB1*02:01,,, ,,, ,,,,,,,,,,,DQ2,,, 0.8440
,,,,, 274,,, 226,,,, 41,, 1.72, 239,,, 43,,,4.21, ,,,,,, ,,,,, ,,, DPA1*02:01,,, DPB1*01:01,,,,,,,,,DPw1,,,,, 0.9430
,,,,, 247,,, 221,,,, 82,, 1.68, 268,,, 100,,,4.40, ,,,,,, DQA1*03:01,,,,, DQB1*03:01,,, ,,, ,,,,,,,,,,,DQ7(3),,, 0.8240
,,,,, 256,,, 220,,,, 46,, 1.68, 276,,, 57,,,3.97, ,,,,,, DQA1*06:01,,,,, DQB1*03:03,,, ,,, ,,,,,,,,,,,DQ9(3),,, 0.7940
,,,,, 266,,, 218,,,, 60,, 1.66, 309,,, 84,,,4.12, ,,,,,, DQA1*01:04,,,,, DQB1*05:03,,, ,,, ,,,,,,,,,,,DQ5(1),,, 0.7050
,,,,, 248,,, 215,,,, 108,, 1.64, 252,,, 126,,,3.99, ,,,,,, DQA1*03:02,,,,, DQB1*03:01,,, ,,, ,,,,,,,,,,,DQ7(3),,, 0.8540
,,,,, 228,,, 213,,,, 42,, 2.15, 210,,, 41,,,3.89, DRB1*14:01,,,,,, ,,,,, ,,, ,,, ,,,,,,DR14(6),,,,,,,, 1.0130
,,,,, 262,,, 212,,,, -7,, 1.62, 267,,, -8.82,,,4.04, ,,,,,, DQA1*06:01,,,,, DQB1*04:02,,, ,,, ,,,,,,,,,,,DQ4,,, 0.7940
,,,,, 224,,, 212,,,, 40,, 2.14, 402,,, 76,,,4.22, DRB1*12:02,,,,,, ,,,,, ,,, ,,, ,,,,,,DR12(5),,,,,,,, 0.5260
,,,,, 211,,, 211,,,, 90,, 2.13, 208,,, 89,,,3.88, DRB1*04:02,,,,,, ,,,,, ,,, ,,, ,,,,,,DR4,,,,,,,, 1.0130
,,,,, 295,,, 210,,,, 93,, 1.60, 220,,, 98,,,3.93, ,,,,,, ,,,,, ,,, DPA1*02:01,,, DPB1*15:01,,,,,,,,,,,,,, 0.9530
,,,,, 222,,, 209,,,, 55,, 2.11, 319,,, 83,,,4.18, DRB1*11:04,,,,,, ,,,,, ,,, ,,, ,,,,,,DR11(5),,,,,,,, 0.6550
,,,,, 292,,, 207,,,, 56,, 1.58, 217,,, 59,,,3.95, ,,,,,, ,,,,, ,,, DPA1*02:01,,, DPB1*13:01,,,,,,,,,,,,,, 0.9530
,,,,, 249,,, 204,,,, 7,, 1.55, 233,,, 8,,,4.06, ,,,,,, DQA1*05:01,,,,, DQB1*03:01,,, ,,, ,,,,,,,,,,,DQ7(3),,, 0.8740
,,,,, 208,,, 203,,,, 1,, 2.05, 235,,, 1,,,4.29, DRB1*03:02,,,,,, ,,,,, ,,, ,,, ,,,,,,DR18(3),,,,,,,, 0.8640
,,,,, 293,,, 202,,,, 32,, 1.54, 210,,, 33,,,3.92, ,,,,,, ,,,,, ,,, DPA1*04:01,,, DPB1*13:01,,,,,,,,,,,,,, 0.9630
,,,,, 214,,, 202,,,, 52,, 2.04, 216,,, 55,,,4.13, DRB1*04:05,,,,,, ,,,,, ,,, ,,, ,,,,,,DR4,,,,,,,, 0.9330
,,,,, 219,,, 201,,,, 36,, 2.03, 211,,, 38,,,4.14, DRB1*10:01,,,,,, ,,,,, ,,, ,,, ,,,,,,DR10,,,,,,,, 0.9530
,,,,, 242,,, 201,,,, 22,, 1.53, 218,,, 23,,,4.17, ,,,,,, DQA1*02:01,,,,, DQB1*02:01,,, ,,, ,,,,,,,,,,,DQ2,,, 0.9230
,,,,, 270,,, 201,,,, 18,, 1.53, 222,,, 20,,,3.86, ,,,,,, DQA1*01:02,,,,, DQB1*06:02,,, ,,, ,,,,,,,,,,,DQ6(1),,, 0.9040
,,,,, 229,,, 198,,,, 46,, 2.00, 210,,, 49,,,4.03, DRB1*14:03,,,,,, ,,,,, ,,, ,,, ,,,,,,DR1403,,,,,,,, 0.9430
,,,,, 204,,, 197,,,, 49,, 1.99, 200,,, 49,,,4.01, DRB1*01:02,,,,,, ,,,,, ,,, ,,, ,,,,,,DR1,,,,,,,, 0.9830
,,,,, 221,,, 197,,,, 47,, 1.99, 254,,, 61,,,4.15, DRB1*11:03,,,,,, ,,,,, ,,, ,,, ,,,,,,DR11(5),,,,,,,, 0.7750
,,,,, 240,,, 196,,,, -19,, 1.98, 290,,, -28.15,,,4.21, DRB5*01:01,,,,,, ,,,,, ,,, ,,, ,,,,,,DR51,,,,,,,, 0.6750
,,,,, 217,,, 195,,,, 78,, 1.97, 237,,, 95,,,4.11, DRB1*08:02,,,,,, ,,,,, ,,, ,,, ,,,,,,DR8,,,,,,,, 0.8240
,,,,, 268,,, 192,,,, 2,, 1.47, 227,,, 2,,,3.92, ,,,,,, DQA1*01:04,,,,, DQB1*06:01,,, ,,, ,,,,,,,,,,,DQ6(1),,, 0.8440
,,,,, 294,,, 192,,,, -36,, 1.47, 201,,, -37.78,,,5.64, ,,,,,, ,,,,, ,,, DPA1*02:01,,, DPB1*14:01,,,,,,,,,,,,,, 0.9530
,,,,, 289,,, 191,,,, 98,, 1.46, 209,,, 107,,,4.34, ,,,,,, ,,,,, ,,, DPA1*01:03,,, DPB1*06:01,,,,,,,,,DPw6,,,,, 0.9140
,,,,, 264,,, 186,,,, 15,, 1.42, 204,,, 16,,,4.08, ,,,,,, DQA1*01:02,,,,, DQB1*05:01,,, ,,, ,,,,,,,,,,,DQ5(1),,, 0.9140
,,,,, 281,,, 186,,,, 26,, 1.42, 176,,, 24,,,4.19, ,,,,,, ,,,,, ,,, DPA1*02:02,,, DPB1*04:01,,,,,,,,,DPw4,,,,, 1.0530
,,,,, 236,,, 185,,,, 61,, 1.87, 186,,, 61,,,4.47, DRB3*01:01,,,,,, ,,,,, ,,, ,,, ,,,,,,DR52,,,,,,,, 0.9930
,,,,, 286,,, 185,,,, 64,, 1.41, 183,,, 63,,,3.84, ,,,,,, ,,,,, ,,, DPA1*02:01,,, DPB1*05:01,,,,,,,,,DPw5,,,,, 1.0130
,,,,, 245,,, 183,,,, -23,, 1.40, 212,,, -26.62,,,4.05, ,,,,,, DQA1*03:02,,,,, DQB1*02:02,,, ,,, ,,,,,,,,,,,DQ2,,, 0.8640
,,,,, 260,,, 182,,,, 43,, 1.39, 238,,, 56,,,4.20, ,,,,,, DQA1*03:01,,,,, DQB1*04:02,,, ,,, ,,,,,,,,,,,DQ4,,, 0.7650
,,,,, 296,,, 179,,,, 17,, 1.37, 192,,, 18,,,4.22, ,,,,,, ,,,,, ,,, DPA1*02:01,,, DPB1*17:01,,,,,,,,,,,,,, 0.9330
,,,,, 288,,, 177,,,, -15,, 1.35, 185,,, -15.22,,,3.91, ,,,,,, ,,,,, ,,, DPA1*03:01,,, DPB1*05:01,,,,,,,,,DPw5,,,,, 0.9530
,,,,, 230,,, 174,,,, -11,, 1.76, 185,,, -11.66,,,4.08, DRB1*14:04,,,,,, ,,,,, ,,, ,,, ,,,,,,DR1404,,,,,,,, 0.9430
,,,,, 287,,, 173,,,, 43,, 1.32, 174,,, 43,,,3.93, ,,,,,, ,,,,, ,,, DPA1*02:02,,, DPB1*05:01,,,,,,,,,DPw5,,,,, 0.9930
,,,,, 246,,, 172,,,, -6,, 1.31, 188,,, -6.56,,,4.25, ,,,,,, DQA1*05:01,,,,, DQB1*02:02,,, ,,, ,,,,,,,,,,,DQ2,,, 0.9140
,,,,, 258,,, 172,,,, 18,, 1.31, 214,,, 22,,,4.09, ,,,,,, DQA1*04:01,,,,, DQB1*04:01,,, ,,, ,,,,,,,,,,,DQ4,,, 0.8040
,,,,, 206,,, 170,,,, -4,, 1.72, 168,,, -3.46,,,3.81, DRB1*01:03,,,,,, ,,,,, ,,, ,,, ,,,,,,DR103,,,,,,,, 1.0130
,,,,, 244,,, 170,,,, -48,, 1.30, 197,,, -55.56,,,4.00, ,,,,,, DQA1*02:01,,,,, DQB1*02:02,,, ,,, ,,,,,,,,,,,DQ2,,, 0.8640
,,,,, 279,,, 170,,,, 23,, 1.30, 178,,, 24,,,4.20, ,,,,,, ,,,,, ,,, DPA1*01:03,,, DPB1*04:01,,,,,,,,,DPw4,,,,, 0.9530
,,,,, 237,,, 169,,,, -5,, 1.71, 170,,, -5.04,,,4.04, DRB3*02:02,,,,,, ,,,,, ,,, ,,, ,,,,,,DR52,,,,,,,, 0.9930
,,,,, 280,,, 168,,,, 11,, 1.28, 161,,, 11,,,4.20, ,,,,,, ,,,,, ,,, DPA1*02:01,,, DPB1*04:01,,,,,,,,,DPw4,,,,, 1.0430
,,,,, 298,,, 167,,,, 3,, 1.27, 173,,, 3,,,3.75, ,,,,,, ,,,,, ,,, DPA1*02:01,,, DPB1*19:01,,,,,,,,,,,,,, 0.9630
,,,,, 223,,, 166,,,, 43,, 1.68, 186,,, 48,,,4.05, DRB1*12:01,,,,,, ,,,,, ,,, ,,, ,,,,,,DR12(5),,,,,,,, 0.8940
,,,,, 269,,, 166,,,, 13,, 1.27, 190,,, 15,,,3.93, ,,,,,, DQA1*02:01,,,,, DQB1*06:01,,, ,,, ,,,,,,,,,,,DQ6(1),,, 0.8740
,,,,, 225,,, 165,,,, -62,, 1.67, 173,,, -64.53,,,5.12, DRB1*13:01,,,,,, ,,,,, ,,, ,,, ,,,,,,DR13(6),,,,,,,, 0.9530
,,,,, 238,,, 165,,,, -16,, 1.67, 181,,, -16.96,,,4.14, DRB3*03:01,,,,,, ,,,,, ,,, ,,, ,,,,,,DR52,,,,,,,, 0.9140
,,,,, 283,,, 165,,,, 29,, 1.26, 163,,, 29,,,4.16, ,,,,,, ,,,,, ,,, DPA1*04:01,,, DPB1*04:01,,,,,,,,,DPw4,,,,, 1.0130
,,,,, 290,,, 164,,,, 24,, 1.25, 172,,, 25,,,3.97, ,,,,,, ,,,,, ,,, DPA1*02:01,,, DPB1*09:01,,,,,,,,,,,,,, 0.9530
,,,,, 257,,, 163,,,, -168,, 1.24, 180,,, -185.29,,,3.93, ,,,,,, DQA1*02:01,,,,, DQB1*04:01,,, ,,, ,,,,,,,,,,,DQ4,,, 0.9040
,,,,, 282,,, 163,,,, 37,, 1.24, 163,,, 37,,,4.14, ,,,,,, ,,,,, ,,, DPA1*03:01,,, DPB1*04:01,,,,,,,,,DPw4,,,,, 1.0030
,,,,, 271,,, 163,,,, -22,, 1.24, 221,,, -29.25,,,3.78, ,,,,,, DQA1*01:03,,,,, DQB1*06:03,,, ,,, ,,,,,,,,,,,DQ6(1),,, 0.7350
,,,,, 216,,, 162,,,, 20,, 1.64, 185,,, 23,,,4.40, DRB1*08:01,,,,,, ,,,,, ,,, ,,, ,,,,,,DR8,,,,,,,, 0.8740
,,,,, 285,,, 162,,,, -72,, 1.24, 168,,, -74.77,,,4.06, ,,,,,, ,,,,, ,,, DPA1*03:01,,, DPB1*04:02,,,,,,,,,DPw4,,,,, 0.9630
,,,,, 291,,, 159,,,, 28,, 1.21, 167,,, 29,,,3.93, ,,,,,, ,,,,, ,,, DPA1*02:01,,, DPB1*11:01,,,,,,,,,,,,,, 0.9530
,,,,, 213,,, 158,,,, -39,, 1.59, 164,,, -40.50,,,4.04, DRB1*04:04,,,,,, ,,,,, ,,, ,,, ,,,,,,DR4,,,,,,,, 0.9630
,,,,, 207,,, 156,,,, 40,, 1.58, 167,,, 42,,,3.98, DRB1*03:01,,,,,, ,,,,, ,,, ,,, ,,,,,,DR17(3),,,,,,,, 0.9330
,,,,, 277,,, 156,,,, -40,, 1.19, 156,,, -39.88,,,4.13, ,,,,,, ,,,,, ,,, DPA1*01:03,,, DPB1*02:01,,,,,,,,,DPw2,,,,, 1.0030
,,,,, 273,,, 155,,,, -20,, 1.18, 163,,, -20.99,,,3.87, ,,,,,, ,,,,, ,,, DPA1*01:03,,, DPB1*01:01,,,,,,,,,DPw1,,,,, 0.9530
,,,,, 284,,, 152,,,, 25,, 1.16, 144,,, 24,,,3.79, ,,,,,, ,,,,, ,,, DPA1*01:03,,, DPB1*04:02,,,,,,,,,DPw4,,,,, 1.0530
,,,,, 276,,, 150,,,, 13,, 1.15, 159,,, 14,,,3.91, ,,,,,, ,,,,, ,,, DPA1*03:01,,, DPB1*01:01,,,,,,,,,DPw1,,,,, 0.9430
,,,,, 267,,, 149,,,, -2,, 1.14, 155,,, -2.08,,,4.02, ,,,,,, DQA1*01:03,,,,, DQB1*06:01,,, ,,, ,,,,,,,,,,,DQ6(1),,, 0.9630
,,,,, 226,,, 143,,,, -6,, 1.44, 148,,, -6.23,,,4.17, DRB1*13:03,,,,,, ,,,,, ,,, ,,, ,,,,,,DR13(6),,,,,,,, 0.9630
,,,,, 215,,, 140,,,, -60,, 1.41, 143,,, -61.15,,,3.93, DRB1*07:01,,,,,, ,,,,, ,,, ,,, ,,,,,,DR7,,,,,,,, 0.9730
,,,,, 210,,, 137,,,, -26,, 1.38, 142,,, -26.48,,,4.07, DRB1*04:01,,,,,, ,,,,, ,,, ,,, ,,,,,,DR4,,,,,,,, 0.9630
,,,,, 239,,, 136,,,, -43,, 1.37, 129,,, -40.36,,,4.34, DRB4*01:01,,,,,, ,,,,, ,,, ,,, ,,,,,,DR53,,,,,,,, 1.0530
,,,,, 261,,, 131,,,, -69,, 1.00, 150,,, -78.38,,,3.99, ,,,,,, DQA1*04:01,,,,, DQB1*04:02,,, ,,, ,,,,,,,,,,,DQ4,,, 0.8740
,,,,, 275,,, 131,,,, -68,, 1.00, 139,,, -72.11,,,4.54, ,,,,,, ,,,,, ,,, DPA1*02:02,,, DPB1*01:01,,,,,,,,,DPw1,,,,, 0.9430
,,,,, 203,,, 108,,,, -30,, 1.09, 109,,, -30.01,,,3.91, DRB1*01:01,,,,,, ,,,,, ,,, ,,, ,,,,,,DR1,,,,,,,, 0.9830
,,,,, 218,,, 99,,,, -29,, 1.00, 98,,, -28.63,,,3.86, DRB1*09:01,,,,,, ,,,,, ,,, ,,, ,,,,,,DR9,,,,,,,, 1.0130
,,,,Reviewer Comment: ,,,,,,,,,,,,,,,,,,,,,,,,,,,,,,,,,,,,,,,,,,,,,,,,,
,,,,,,,,,,,,,,,,,,,,,,,,,,,,,,,,,,,,,,,,,,,,,,,,,,,,,
,,,,,,,,,,,,,,,,,,,,,,,,,,Date:,,,,,,,,Completed By: ,,,,,,,,,,,,,,,,,,,
,,,,,,,,,,,,,,,,,,,,,,,,,,Date:,,,,,,,,Approved By: ,,,,,,,,,,,,,,,,,,,
,,,,,,,,,,,,,,,,,,,,,,,,,,Date:,,,,,,,,Reviewed By: ,,,,,,,,,,,,,,,,,,,
,,,"  Immucor, Inc.",,,,,,,,,,,,,,,,,,,,,,,,,,,,,,,,,,,,,,,,,,,,,,,,,,
,,,,,,,,,,,,,,,,,,,,,,,,,,,,,,,,,,,,,,,,,,,,MATCH IT! Antibody v1.5.1,,,,,,,,,
,,,,,,,,,,,,,,,,,,,,,,,,,,,,,,,,,,,,,,,,,,,,Page 1 of 1,,,,,,,,,
,Sample ID:,,,,,,2	NOTAVOTE	444444,,,,,,,,,,Patient Name:,,,2	NOTAVOTE	444444,,,,,,,,,,,,Draw Date:,,,,,,,,,,,Report Date:,,,,01.09.25,,,,,,
